,L,H,label,head_dla,mover_attn,mover_dla,dla_ratio,induction,eigenvals_vocab,eigenvals_resid,head_dla_no_ind,mover_attn_no_ind,mover_dla_no_ind,ratio_dla_no_ind
0,0,0,L0H0,0.0036421593,0.018549033,3.274684e-05,0.024406135,0.001991507,-0.036068242,0.047156945,0.0055926964,0.027795061,5.070505e-05,0.044992886
1,0,1,L0H1,0.011788254,0.039126914,6.579332e-05,0.009591467,0.002424518,-0.27577138,-0.9674871,0.013272585,0.049797118,0.0001298316,0.016791565
2,0,2,L0H2,0.013285596,0.034410622,0.00033583972,0.05179826,0.0031522126,-0.575937,-0.93670666,0.015476663,0.04534948,0.00048351038,0.0706921
3,0,3,L0H3,0.004441669,0.05164375,0.0002043331,0.07352103,0.004384992,-0.32914373,-0.97385526,0.0050486685,0.071544625,0.00033395764,0.10984436
4,0,4,L0H4,0.011336897,0.040221155,0.00018746144,0.031752076,0.001983536,0.05385804,-0.37355453,0.013071047,0.06148839,0.00034812852,0.05420582
5,0,5,L0H5,0.0024923026,0.023938496,6.431977e-05,0.03562099,0.0013262864,0.75288236,0.9873376,0.0034660767,0.037277523,0.00015306594,0.07614478
6,0,6,L0H6,0.010589915,0.06943604,0.00061035546,0.1018973,0.0034412693,0.44780582,0.90758586,0.011959173,0.15994087,0.0015500544,0.21375605
7,0,7,L0H7,0.012023042,0.039277595,0.00043331218,0.0546815,0.0040517855,-0.2765092,-0.948577,0.013299679,0.052284755,0.00063492625,0.07165707
8,0,8,L0H8,0.010021308,0.04043727,0.0,0.0021296882,0.0024696128,-0.37157634,-0.98583925,0.011890938,0.054806,8.813498e-06,0.008219736
9,0,9,L0H9,0.0050954306,0.02511612,0.0,0.054025363,0.0008718431,0.48653376,0.28138387,0.0070717605,0.030892104,1.6274569e-07,0.08030487
10,0,10,L0H10,0.0046762885,0.012183949,6.482368e-05,0.023247257,0.0015219286,0.66319215,0.97686476,0.0058026197,0.017577935,0.00010376877,0.04218859
11,0,11,L0H11,0.0047738617,0.04558563,0.00010542612,0.026487142,0.0024595738,-0.3837854,-0.94688064,0.006649475,0.063677154,0.00019385095,0.04231577
12,0,12,L0H12,0.0053868582,0.025629574,0.00011122795,0.04022877,0.0016958129,-0.012425693,-0.29155338,0.0063836966,0.04261875,0.0002155309,0.0713266
13,0,13,L0H13,0.0036474403,0.038304538,4.6383942e-05,0.069850594,0.0034596017,-0.16532741,-0.9551177,0.004512108,0.050356597,9.20132e-05,0.1020399
14,0,14,L0H14,0.0033308836,0.012803367,2.4843874e-05,0.025938164,0.0026067519,0.20449531,0.30887163,0.004471776,0.016180087,5.070895e-05,0.045094136
15,0,15,L0H15,0.001845009,0.041314606,0.0,0.087071754,0.003742442,-0.1452759,-0.8345347,0.002892295,0.05559161,7.668332e-06,0.13919279
16,1,0,L1H0,0.003458119,0.060591694,0.0,0.0859053,0.0043307473,-0.47951555,-0.4978187,0.024611304,0.08153433,0.0,0.1308721
17,1,1,L1H1,0.050087653,0.036890626,0.0011608176,0.09524628,0.0006675154,0.08955373,-0.04902438,0.06848181,0.045935355,0.002235802,0.14453183
18,1,2,L1H2,0.038487,0.03414346,0.0009087155,0.12113953,0.0016819675,0.7723697,0.1335627,0.051734723,0.040432855,0.0013776721,0.17893717
19,1,3,L1H3,0.024478042,0.032818753,0.00018179105,0.016872022,0.004426797,-0.52318007,-0.57639575,0.04138887,0.046976145,0.0005075081,0.03259218
20,1,4,L1H4,0.050493725,0.033601146,0.0035692244,0.13842225,0.00080098957,-0.8342205,-0.89605445,0.061453003,0.042125512,0.0050745,0.23107982
21,1,5,L1H5,0.019265762,0.04413808,0.0,0.12312776,0.0034667756,-0.1266894,-0.37024945,0.032793887,0.0582142,3.3704433e-05,0.21249877
22,1,6,L1H6,-0.00029722514,0.033133782,0.00165636,0.024891986,0.0046087257,-0.358819,-0.46935418,0.013269511,0.04255186,0.0026402283,0.04527192
23,1,7,L1H7,0.041890882,0.048961863,0.00019234684,0.04035592,0.00012185009,0.49685878,-0.5184069,0.056660756,0.07496471,0.0003040317,0.18682942
24,1,8,L1H8,0.0246139,0.033410966,6.8856054e-05,0.06761577,0.0022299532,-0.0487891,-0.14144477,0.03653411,0.04278283,0.00016529216,0.13042046
25,1,9,L1H9,0.060581625,0.021928186,0.0014557289,0.078402065,0.0026044592,0.981534,0.9931005,0.08920556,0.027690217,0.0025757179,0.12229858
26,1,10,L1H10,0.036427505,0.03684562,0.0018749442,0.13663553,0.0045108492,0.12865983,0.006045231,0.053541534,0.045607854,0.003123731,0.20017767
27,1,11,L1H11,0.027444389,0.033820435,0.0005216222,0.1176542,0.0021074135,0.31223223,-0.40543,0.042948246,0.043557942,0.0012884048,0.19582582
28,1,12,L1H12,0.027926568,0.029370602,0.0002820687,0.105011545,0.002404062,0.86498976,0.9316507,0.045763157,0.035642944,0.0006439381,0.15190877
29,1,13,L1H13,0.03499799,0.03475548,0.0002458149,0.16283166,0.0024060835,-0.39607793,-0.4817867,0.052065007,0.04112629,0.00082584645,0.29006296
30,1,14,L1H14,0.042661484,0.034211617,2.4425406e-05,0.06225144,0.000553929,0.56460047,-0.98557395,0.05804168,0.048383076,0.0001339212,0.16809024
31,1,15,L1H15,0.044200137,0.043048963,0.0011411633,0.071646005,0.0032634032,-0.27997226,-0.61497474,0.05745268,0.054314196,0.0018367668,0.10960982
32,2,0,L2H0,0.13284162,0.03802847,0.0031887332,0.045066204,0.003112377,0.017993677,-0.66275847,0.16792962,0.048164964,0.0070203855,0.07602559
33,2,1,L2H1,0.018206224,0.03302904,0.0002906839,0.050159685,0.0042273006,0.16716504,-0.835181,0.036466867,0.048231408,0.00050043204,0.09200037
34,2,2,L2H2,0.114137955,0.03802002,0.004153022,0.10052869,0.00022528369,0.74926007,-0.19928566,0.14469817,0.0485163,0.00616923,0.14230615
35,2,3,L2H3,0.041721232,0.011269075,3.8391954e-06,0.0060049496,0.00031569143,0.0801058,-0.8749164,0.055768676,0.029592676,2.3801147e-05,0.02676851
36,2,4,L2H4,0.038728274,0.0053989594,6.115031e-14,0.001325846,0.0002439517,0.292493,-0.71752805,0.055226438,0.022179117,4.9914334e-08,0.008334203
37,2,5,L2H5,0.043396723,0.013800046,6.5353684e-10,0.015175948,0.000203427,0.58174074,-0.6175048,0.05857463,0.030006241,2.618837e-07,0.040844038
38,2,6,L2H6,0.051612448,0.015986687,2.592898e-05,0.0033322168,0.00018159472,-0.30172065,-0.89692783,0.06548392,0.052563336,0.00029282656,0.021676308
39,2,7,L2H7,0.029038256,0.040394984,0.0003996792,0.023478754,0.0011380531,-0.017683232,-0.9250047,0.04055882,0.07405395,0.0007382761,0.061347395
40,2,8,L2H8,0.072116025,0.035461277,0.00087707536,0.04688385,0.0013554796,0.8016747,0.74357677,0.1009178,0.07219024,0.0021356228,0.10475561
41,2,9,L2H9,0.06129368,0.021501573,0.0,0.04675409,0.00031791232,0.26398116,-0.87462413,0.089467585,0.035765428,0.0,0.0906408
42,2,10,L2H10,0.0620643,0.015294691,4.272221e-05,0.0027375193,6.3096646e-05,-0.03196605,-0.96515214,0.078524105,0.049484514,0.00026627834,0.014378782
43,2,11,L2H11,0.039276212,0.033341475,0.00024387799,0.032612953,0.0043521263,0.07244555,-0.31579396,0.049090575,0.044777036,0.00041459966,0.05414536
44,2,12,L2H12,0.040975183,0.037329726,1.14258955e-05,0.027489118,0.0005638057,-0.42892566,-0.98012763,0.05292865,0.0719843,9.42613e-05,0.08924073
45,2,13,L2H13,0.048061132,0.029285068,0.00012124064,0.042083807,0.0018586263,-0.18687828,-0.9416096,0.067032665,0.04209568,0.0004480902,0.08101519
46,2,14,L2H14,0.07223293,0.037767783,2.0394853e-05,0.07666068,6.5486216e-05,0.27278274,-0.8543204,0.106259346,0.049402982,0.00026114678,0.13793075
47,2,15,L2H15,0.03971759,0.022843203,5.305208e-05,0.018347219,0.00020564377,0.79019654,0.3625243,0.056276046,0.043876007,0.00031830432,0.06613054
48,3,0,L3H0,0.013569342,0.059517156,0.0,0.10615821,0.002490421,-0.19724724,-0.983668,0.020952716,0.076948,1.7330894e-06,0.15557633
49,3,1,L3H1,0.07198467,0.024346681,0.0005440641,0.017257765,5.832913e-05,-0.44487682,-0.93724686,0.10060942,0.066582076,0.00209545,0.04620851
50,3,2,L3H2,0.048013948,0.0038867348,2.684792e-05,0.0025810718,0.00023422715,0.9121671,0.80663604,0.06412502,0.017654028,0.00027391023,0.018350452
51,3,3,L3H3,0.047441877,0.00065162935,1.1403998e-05,0.000281474,0.00068317715,0.3757594,-0.12864521,0.06271788,0.0059548966,0.00013493655,0.0045901607
52,3,4,L3H4,0.045193475,0.024924217,0.0,0.06320956,3.7408136e-05,-0.58148277,-0.98850244,0.074006096,0.044872794,0.0,0.1332015
53,3,5,L3H5,0.068639375,0.007669692,2.7686995e-11,0.0036216173,7.9055266e-05,-0.14789487,-0.9435201,0.08747533,0.030035214,4.9844234e-06,0.018179933
54,3,6,L3H6,0.028582076,0.035024054,0.00037528854,0.04920128,0.003772235,-0.6219261,-0.8022983,0.036038537,0.047673084,0.0008587685,0.08491428
55,3,7,L3H7,0.011076319,0.016845081,8.164607e-08,0.022536868,0.0026174535,-0.50940007,-0.97903293,0.016156472,0.02980986,2.0552885e-05,0.049144253
56,3,8,L3H8,0.04556023,0.0018201374,3.9722003e-14,0.00033184054,7.07663e-05,0.2615999,-0.78750473,0.06094104,0.013086086,3.83874e-09,0.0051443987
57,3,9,L3H9,0.11215576,0.0069585433,0.00016365825,0.00420584,0.00017094218,-0.4751768,-0.9693407,0.12558468,0.033127937,0.001098941,0.021647872
58,3,10,L3H10,0.044029247,0.004079069,2.1199861e-08,0.0025716785,2.6273654e-05,-0.014368537,-0.90786105,0.06062193,0.019606924,7.9856517e-07,0.020975899
59,3,11,L3H11,0.04699205,0.0045652464,0.0,0.0040328074,0.00011147041,-0.042312436,-0.91194075,0.06727866,0.01980672,1.00379984e-13,0.02103257
60,3,12,L3H12,0.03929527,0.031051498,0.0013178206,0.115328535,0.0038592508,0.9877403,0.8240544,0.058781326,0.042561103,0.00212354,0.19381769
61,3,13,L3H13,0.0359053,0.0002132039,0.0,3.904515e-05,7.134607e-07,0.35909277,-0.4447296,0.052327357,0.0026701703,4.6210134e-22,0.0010245979
62,3,14,L3H14,0.01814761,0.031453658,0.00031938305,0.034890056,0.0003604533,0.506599,-0.92857563,0.024509259,0.04300266,0.00063730706,0.08853678
63,3,15,L3H15,0.05605433,0.0029673623,1.7398407e-16,0.00071137643,2.6838781e-05,0.263301,-0.7858861,0.077647835,0.013962886,2.1539261e-09,0.00588223
64,4,0,L4H0,0.021041846,0.026598655,0.00020361612,0.06746236,0.0038380746,0.9162678,0.6686445,0.035731755,0.033688977,0.0004680756,0.0975919
65,4,1,L4H1,0.02274974,0.0066498322,0.0,0.009026234,0.00055833766,-0.36208478,-0.9961404,0.03942975,0.018325368,0.0,0.029156862
66,4,2,L4H2,0.030869503,0.0028271594,1.4367759e-05,0.0014076715,0.0029106094,0.71218306,-0.64996904,0.04158632,0.01026289,9.974593e-05,0.008517453
67,4,3,L4H3,0.04362338,0.0011316126,3.5344328e-06,0.00021635657,0.0020279658,-0.07777741,-0.8019481,0.0566836,0.00765208,4.1107676e-05,0.002512681
68,4,4,L4H4,0.027832087,0.0033208574,0.0,0.00038264313,0.0005571905,0.0296661,-0.97306746,0.039686352,0.014356044,1.9614176e-10,0.004535648
69,4,5,L4H5,0.024808064,0.01517726,6.480833e-05,0.01193668,0.0031900913,0.304056,-0.8684643,0.032972082,0.038902316,0.00046671077,0.058364335
70,4,6,L4H6,0.014266537,0.02463366,0.0009951681,0.021121213,0.0027980846,-0.43161282,-0.70095205,0.022318715,0.037359122,0.0015567717,0.09139339
71,4,7,L4H7,0.035832833,0.00949567,2.5827667e-05,0.006732054,0.004015607,0.5150337,0.23320535,0.048085026,0.029070873,0.0001039597,0.030382648
72,4,8,L4H8,0.020166343,0.024664294,6.729205e-05,0.010424916,0.0034599751,0.30825248,-0.71503955,0.027448844,0.04237085,0.00016850478,0.031463757
73,4,9,L4H9,0.03259066,0.027961023,0.000981011,0.079023324,0.003127815,0.7076494,-0.12274553,0.041806683,0.037824824,0.0016289531,0.14700861
74,4,10,L4H10,0.009948246,0.023648417,0.0,0.055308606,0.0030887623,-0.89539224,-0.9931872,0.019769551,0.037609145,0.0,0.09207818
75,4,11,L4H11,0.029253036,0.010493674,1.0409873e-07,0.009270939,0.000329775,0.424188,-0.21608955,0.040135816,0.029391572,7.923582e-06,0.043211427
76,4,12,L4H12,0.026820865,0.00456787,3.675937e-07,0.0027202491,0.0010524454,0.357957,-0.43831682,0.035754822,0.016711103,4.952033e-06,0.016056113
77,4,13,L4H13,0.044980768,6.2593637e-13,3.832138e-20,1.0726898e-17,2.2532853e-10,0.39482296,0.8915346,0.058399774,1.05669515e-10,1.0364858e-15,8.3133804e-14
78,4,14,L4H14,0.023841232,0.020922031,1.4402763e-05,0.00657882,0.0020483136,0.021295456,-0.88263804,0.031226598,0.052720103,8.150126e-05,0.034222525
79,4,15,L4H15,0.019992352,0.044688314,5.514221e-05,0.044528224,0.001269803,-0.66969466,-0.8087973,0.026354335,0.059410766,0.0003984953,0.116869405
80,5,0,L5H0,0.02221015,0.02012332,0.00060221914,0.08621027,0.0042412267,-0.12929244,-0.8993756,0.027760077,0.031060833,0.0013027843,0.1539079
81,5,1,L5H1,0.015334341,0.013039701,0.0,0.021321628,0.0025479244,-0.58438027,-0.98548615,0.02265887,0.024647236,1.2072775e-06,0.06594239
82,5,2,L5H2,0.026302332,0.0030152872,5.156699e-06,0.002266463,0.0028817547,0.73132414,0.78119665,0.037975527,0.00794891,3.3580167e-05,0.0088857785
83,5,3,L5H3,0.033051375,0.0024678002,2.4637284e-06,0.00038283257,0.0014646023,0.38885406,0.30546662,0.046408877,0.011128605,2.122258e-05,0.0037018496
84,5,4,L5H4,0.02005827,0.003433442,2.5945658e-06,0.00038838803,0.0035462952,0.29515144,-0.22588193,0.030601718,0.009984749,1.8904673e-05,0.0048627653
85,5,5,L5H5,0.0062677334,0.03153837,0.0,0.095983304,0.0038779634,-0.8730819,-0.99390113,0.012277903,0.04424797,0.0,0.14164476
86,5,6,L5H6,0.024369642,0.0031724598,7.172761e-07,0.000184265,0.0047271647,0.56648713,0.48179302,0.037591666,0.009731932,9.375333e-06,0.0027322255
87,5,7,L5H7,0.03509489,0.016784905,0.0005003808,0.042447545,0.002781881,0.9379458,0.57233936,0.04953239,0.026897827,0.00082743005,0.096421726
88,5,8,L5H8,0.040775143,0.09375997,0.003890809,0.21598308,0.28896582,0.9164773,0.003338387,0.04667875,0.03816415,0.0014987598,0.11265845
89,5,9,L5H9,0.023021512,0.014565499,6.738775e-05,0.0074285804,0.0005336313,0.33848527,-0.6697171,0.030560076,0.033889443,0.00024723704,0.031680096
90,5,10,L5H10,0.024912735,0.025778256,0.00062970095,0.062111847,0.002414015,-0.5705989,-0.7967183,0.03299781,0.034997515,0.0010833202,0.104971945
91,5,11,L5H11,0.04762551,3.746432e-12,1.3959058e-19,5.929069e-16,3.1258406e-11,0.442272,0.92199564,0.060872737,2.2932137e-10,1.0938611e-15,7.9580065e-13
92,5,12,L5H12,0.008702617,0.030515943,0.0,0.100249894,0.0044593527,-0.9153296,-0.9962982,0.015213544,0.041518375,1.3957172e-06,0.1792786
93,5,13,L5H13,0.0029950028,0.006580319,0.0,0.0073917573,0.000448041,-0.29893303,-0.9988847,0.028491408,0.011878659,0.0,0.01419819
94,5,14,L5H14,0.02304395,0.02521888,0.0005403114,0.12217589,0.0032385665,0.15284044,-0.8824789,0.030982506,0.029375914,0.00094930927,0.20250694
95,5,15,L5H15,0.041457623,0.0071440414,5.3348715e-05,0.0042340504,0.002384761,0.006443373,0.9487134,0.054781444,0.01930898,0.0003266327,0.028656898
96,6,0,L6H0,0.01074058,0.011732255,1.9820925e-05,0.04441798,0.005798073,-0.3879976,-0.95813257,0.016547974,0.010694315,6.936704e-05,0.052153576
97,6,1,L6H1,0.07131864,0.044082478,0.0064093717,0.18483804,0.8323045,0.96411794,0.6855445,0.07381118,0.003790839,0.00061551644,0.016750967
98,6,2,L6H2,0.017127167,0.012662107,0.0005330393,0.0564479,0.0044204015,0.3899734,-0.582884,0.025264854,0.014729893,0.00061734323,0.09823717
99,6,3,L6H3,0.02298441,0.021217553,0.0002721148,0.057704415,0.0035683725,-0.03251267,-0.081759416,0.031209275,0.030399485,0.0006858974,0.11821455
100,6,4,L6H4,0.030424599,0.0056530465,2.0646523e-05,0.02165679,0.004570822,0.6462108,0.81314266,0.044339232,0.0069020167,5.0836665e-05,0.031333864
101,6,5,L6H5,0.009894838,0.008190551,0.0,0.010763033,0.0009810171,-0.24049917,-0.9976638,0.027765643,0.011728099,0.0,0.016364884
102,6,6,L6H6,0.03936495,0.00319269,1.8373405e-05,0.0013013396,0.004409015,0.59973043,0.8732412,0.053851634,0.009825674,8.02839e-05,0.007275762
103,6,7,L6H7,0.05451814,3.0819908e-06,6.720254e-09,3.508484e-07,1.9847927e-05,0.6245956,0.96667457,0.06867764,1.6857188e-05,6.813879e-08,3.8329104e-06
104,6,8,L6H8,0.028374251,0.011552842,0.0002122668,0.019086089,0.002621251,0.25659516,0.48217198,0.038685486,0.01831701,0.00042794071,0.038308598
105,6,9,L6H9,0.037044257,0.015403476,0.0002042673,0.034556814,0.0036947296,-0.111560576,-0.85092115,0.04643615,0.016880278,0.0007569373,0.06965798
106,6,10,L6H10,0.039074156,0.017447017,5.379481e-05,0.02565416,0.0026767862,-0.0048373966,-0.76657635,0.051864088,0.026761074,0.0002261369,0.07646059
107,6,11,L6H11,0.036508437,0.035312567,0.0038685931,0.30055565,0.13326243,0.7931119,0.5311115,0.048230343,0.030293636,0.0030989314,0.30525362
108,6,12,L6H12,0.012789029,0.021549191,7.4895916e-06,0.056622125,0.0039302865,-0.7511801,-0.99206513,0.019072615,0.030184316,4.6304518e-05,0.10332699
109,6,13,L6H13,0.015404014,0.012355249,0.00018071535,0.039004758,0.0033323383,0.18478437,-0.8232619,0.021983342,0.017453175,0.00033853247,0.0799708
110,6,14,L6H14,0.01562824,0.0022045127,2.6417885e-07,0.0049063284,0.002399692,0.20889114,-0.96311045,0.024797712,0.004093679,3.178874e-06,0.012522029
111,6,15,L6H15,0.032319926,0.02114464,0.00031650136,0.020955186,0.004773356,0.3194951,-0.50350404,0.045170084,0.014218672,0.00033367483,0.01806106
112,7,0,L7H0,0.04128806,0.012244519,0.0005231923,0.023840584,0.006806782,0.3899472,0.29408264,0.050844364,0.010453766,0.0005451774,0.027865829
113,7,1,L7H1,0.03950843,0.01460333,9.0507696e-05,0.008901289,0.002595983,0.23687217,0.2627219,0.052108504,0.026460815,0.00041084114,0.03352819
114,7,2,L7H2,0.07807701,0.09276365,0.009122465,0.36755562,0.8640174,0.96118814,0.7460645,0.08576132,0.013656139,0.001625998,0.055006903
115,7,3,L7H3,0.031880867,0.01704232,0.0009983763,0.10938812,0.0053281127,0.84770465,0.5326788,0.045750678,0.022613076,0.0017553493,0.19393568
116,7,4,L7H4,0.036067676,0.026172953,0.00052430126,0.07166947,0.0036590567,0.11666269,-0.9296417,0.044018194,0.024483874,0.00063462346,0.088707045
117,7,5,L7H5,0.008165266,0.015425981,9.169072e-06,0.048267327,0.005382697,-0.77080154,-0.9927444,0.0148302615,0.015600141,6.9032336e-05,0.05368392
118,7,6,L7H6,0.054772016,0.01033714,0.00010602114,0.0066828784,0.001232486,0.26770753,0.9413073,0.07254139,0.026257597,0.0005041511,0.030640313
119,7,7,L7H7,0.010299805,0.015588013,1.2213252e-06,0.054174375,0.004265688,-0.82406753,-0.9896902,0.016136365,0.020884473,2.4724322e-05,0.08096201
120,7,8,L7H8,0.010465378,0.014244604,1.8619672e-05,0.033789285,0.0039582853,-0.6944007,-0.9728334,0.017684195,0.017799752,6.0874805e-05,0.06494616
121,7,9,L7H9,0.008103319,0.018150527,0.0,0.019444402,0.00045943673,-0.3277209,-0.9991587,0.02543984,0.023060875,0.0,0.028881107
122,7,10,L7H10,0.024417676,0.004651239,8.790894e-05,0.010524338,0.0047161183,-0.033139963,0.82067245,0.03530316,0.008394636,0.00022750204,0.02686524
123,7,11,L7H11,0.015324757,0.001072814,4.929554e-10,0.00071926933,0.002242895,-0.6028973,-0.85949665,0.022276547,0.0021728917,7.278227e-08,0.001664126
124,7,12,L7H12,0.028509999,0.009024705,1.9231251e-05,0.009036377,0.003341824,-0.03948394,0.17390913,0.039354812,0.013476218,8.428455e-05,0.026204418
125,7,13,L7H13,0.04289233,0.0015920163,2.2806995e-05,0.0016983938,0.0023801748,0.63015634,0.90789646,0.057761,0.0030513778,4.9770126e-05,0.0041047833
126,7,14,L7H14,0.042952,0.007171501,0.00014117631,0.011220512,0.0040278444,0.9517149,0.98638314,0.06374512,0.012408865,0.0003041269,0.028353915
127,7,15,L7H15,0.016783845,0.011799583,0.000105335894,0.060235847,0.0050575444,0.43439683,-0.08342339,0.029838312,0.013397033,0.00015927885,0.100914225
128,8,0,L8H0,0.033594903,0.0139146885,0.0008802661,0.055557393,0.003296527,0.14289728,0.20417239,0.0479766,0.0195042,0.001371969,0.105255574
129,8,1,L8H1,0.054768644,0.0014012785,6.3276707e-06,0.00037364473,0.000767602,0.44405043,0.9465012,0.0707736,0.004053071,3.0047282e-05,0.0019542654
130,8,2,L8H2,0.03419303,0.0048339255,4.6814064e-05,0.0057662902,0.0044705956,0.6844742,0.8609828,0.052212294,0.009522458,0.00012038602,0.017788451
131,8,3,L8H3,0.01679118,0.027594903,0.0,0.042673897,0.00065045955,-0.6282624,-0.9978603,0.02868772,0.040585876,1.5120261e-07,0.08579799
132,8,4,L8H4,0.01669488,0.033186916,7.453932e-05,0.08565594,0.0019645235,-0.8092661,-0.8370257,0.026585542,0.04702149,0.0004641295,0.13743462
133,8,5,L8H5,0.06202867,0.025475021,0.0023325754,0.10253228,0.0067377035,0.97365475,0.9206243,0.08896433,0.030476892,0.002993774,0.14753495
134,8,6,L8H6,0.04227934,0.002764783,3.0481962e-05,0.0018550158,0.002479483,0.87462074,0.98093927,0.060957693,0.0072801556,8.790803e-05,0.0062593054
135,8,7,L8H7,0.056432523,0.010185456,6.827853e-05,0.004022274,0.00019896068,0.43298703,0.8812256,0.07466802,0.028534072,0.0003644689,0.02112668
136,8,8,L8H8,0.06954129,0.017519053,0.001696301,0.03746442,0.0029775554,0.0866357,-0.5131483,0.08030583,0.023685416,0.002483317,0.053050227
137,8,9,L8H9,0.008859616,0.024608323,0.0,0.04094865,0.0040951488,-0.93523115,-0.9983815,0.020227967,0.03456732,0.0,0.054358903
138,8,10,L8H10,0.032525897,0.018045317,0.00031672334,0.03319478,0.0040185573,-0.80054826,-0.97284234,0.040005744,0.02260264,0.00070598355,0.049190238
139,8,11,L8H11,0.02499615,0.022016015,0.00028854512,0.07664873,0.004381353,0.08991048,-0.919979,0.036069382,0.02797971,0.00042994198,0.123313844
140,8,12,L8H12,0.048778664,0.017272368,0.0001908105,0.018859107,0.0016096839,0.6963725,0.7482444,0.061837308,0.027576063,0.0006494855,0.049764648
141,8,13,L8H13,0.024844276,0.015884755,0.00042408687,0.03437245,0.008429659,0.3077766,-0.26492798,0.033125598,0.019303914,0.00075960136,0.060576513
142,8,14,L8H14,0.018524516,0.01842578,0.0,0.031106057,0.009340264,-0.3761906,-0.9979991,0.031419475,0.019221589,0.0,0.04017816
143,8,15,L8H15,0.035847135,0.018753035,0.0,0.08654562,0.0040848325,0.3215163,0.76742667,0.053561553,0.021281248,5.8939746e-05,0.13637497
144,9,0,L9H0,0.034452043,0.02234701,0.00051267486,0.05038482,0.004771183,0.53884226,0.45559305,0.04840982,0.03605455,0.001107549,0.11414393
145,9,1,L9H1,0.044696573,0.016829005,0.0009222372,0.089798644,0.006261456,0.9310895,0.6872113,0.06302035,0.022731058,0.0015875407,0.14783077
146,9,2,L9H2,0.026342869,0.0027699324,1.3464985e-05,0.0020544345,0.0043706945,0.53907657,0.8894923,0.044913985,0.005536863,4.1498482e-05,0.0076848515
147,9,3,L9H3,0.063209824,0.043429624,0.0019000577,0.13983308,0.71543604,0.86461395,0.8614237,0.083056256,0.031610116,0.0021651716,0.12548718
148,9,4,L9H4,0.018922659,0.018257016,0.0051324004,0.32035992,0.39961454,0.8962645,0.34674534,0.022195376,0.012914708,0.0036729411,0.29270336
149,9,5,L9H5,0.024864782,0.0042377124,3.8799644e-05,0.0065607904,0.004345111,0.36432737,0.92619544,0.0376359,0.007882711,9.066757e-05,0.020320252
150,9,6,L9H6,0.017973348,0.008451799,2.772033e-05,0.0163399,0.006175251,-0.4779764,-0.28003052,0.025848312,0.009552981,8.370247e-05,0.03827305
151,9,7,L9H7,0.029579703,0.017358506,0.001186483,0.12013501,0.16412222,0.88875896,0.7721379,0.0407803,0.0195054,0.001312838,0.16940033
152,9,8,L9H8,0.03587498,0.016048677,0.000849336,0.07266942,0.0045444034,0.3203464,0.43082795,0.05174563,0.027475728,0.0016032482,0.1349252
153,9,9,L9H9,0.05384392,0.008994714,0.0022577317,0.10694042,0.97745186,0.9904552,0.49863216,0.05387353,0.0024154088,0.0007874642,0.028647209
154,9,10,L9H10,0.029559977,0.006421305,1.04817955e-05,0.0019557318,0.004287447,0.51520526,0.82666713,0.042947687,0.012188882,7.8276e-05,0.013911341
155,9,11,L9H11,0.032947935,0.0072553605,2.747075e-06,0.0039021657,0.003414746,0.38154474,0.035227012,0.047108617,0.01381133,2.0973546e-05,0.026215043
156,9,12,L9H12,0.021089539,0.019109957,0.0,0.07350517,0.0026485987,-0.15343674,-0.899975,0.045035254,0.027675688,0.0,0.11975647
157,9,13,L9H13,0.045853283,0.030635813,0.0,0.11402569,0.030006604,-0.86124337,-0.98232025,0.061848864,0.027349299,0.0,0.16886756
158,9,14,L9H14,0.035015594,0.016808651,3.847448e-05,0.020936448,0.0027029766,-0.49898654,-0.794738,0.04522685,0.022092376,0.00023206836,0.045949824
159,9,15,L9H15,0.049072437,0.0026144972,7.749871e-05,0.004478035,0.0036060638,0.5248492,0.9808579,0.06703249,0.0071024704,0.00022203327,0.01500579
160,10,0,L10H0,0.02675761,0.030871369,0.0007105501,0.07259992,0.040110584,-0.21321325,-0.83588105,0.0371139,0.03842723,0.0013422081,0.13792537
161,10,1,L10H1,0.05638992,0.04870655,0.011992997,0.43535632,0.5299387,0.97707003,0.5293012,0.05544549,0.015136199,0.0041900445,0.19348545
162,10,2,L10H2,0.043012563,0.02947125,0.0002338295,0.04851229,0.01953196,-0.5685349,0.50417477,0.06043884,0.03936135,0.00042925132,0.08618163
163,10,3,L10H3,0.02438557,0.014020591,3.2943375e-05,0.019531932,0.0031174633,0.11398409,0.41009107,0.033040848,0.018593727,0.00014327951,0.03952437
164,10,4,L10H4,0.010701188,0.02903255,0.0,0.0696591,0.0037147957,-0.93024594,-0.9971701,0.022774331,0.032022335,0.0,0.09037501
165,10,5,L10H5,0.04187912,0.0047015795,8.065072e-05,0.0059015434,0.0038578024,0.687157,0.97785944,0.06019641,0.009437345,0.00018282977,0.016157322
166,10,6,L10H6,0.025209077,0.027628433,0.00062141946,0.07446247,0.0035617752,-0.1060889,-0.76830655,0.040927716,0.03487023,0.0014745118,0.10663614
167,10,7,L10H7,0.063839726,0.013958979,0.0006863914,0.023156444,0.0024687836,0.36637127,-0.06349555,0.07716251,0.019819869,0.0013498766,0.041375298
168,10,8,L10H8,0.017042551,0.0044949385,0.0019634038,0.30530947,0.614797,0.98368967,0.640041,0.020340413,0.0032517798,0.0013171111,0.27285472
169,10,9,L10H9,0.02874515,0.016155314,0.00057163555,0.038604956,0.0036353357,0.80679816,0.6041873,0.044541053,0.02078584,0.00074888533,0.07282167
170,10,10,L10H10,0.047607448,0.0020846764,2.0062722e-05,0.0012631644,0.003874627,0.86745244,0.9854385,0.063739836,0.0038660057,5.633771e-05,0.004204339
171,10,11,L10H11,0.04693846,0.020889712,0.0001254929,0.025961665,0.003679758,0.8308725,0.8816113,0.06695659,0.030091692,0.00032298607,0.049813144
172,10,12,L10H12,0.061352886,0.027905487,0.00062991,0.03388241,0.0065058824,0.8114857,0.9702381,0.08243327,0.035646323,0.0010330103,0.048698794
173,10,13,L10H13,0.038598754,0.032891165,0.00080273376,0.07143052,0.0060173282,-0.20308307,-0.06521216,0.04936229,0.041073978,0.001130197,0.11926952
174,10,14,L10H14,0.032081448,0.038188644,7.591602e-05,0.08862682,0.028905217,0.20192,-0.8935643,0.04274837,0.03381635,0.0002574856,0.1211668
175,10,15,L10H15,0.05115127,0.004744712,1.5184667e-05,0.001813981,0.002435012,0.5820328,0.9328024,0.06945345,0.011369047,7.153456e-05,0.008431059
176,11,0,L11H0,0.053858384,0.029470567,0.0007539274,0.06365641,0.0058305603,0.84300953,0.47294736,0.07371966,0.039012615,0.0013506113,0.09061612
177,11,1,L11H1,0.04235502,0.033421077,0.007553787,0.3194027,0.93632734,0.99421877,-0.13709785,0.038671855,0.0048077754,0.0018308043,0.09831762
178,11,2,L11H2,0.052725296,0.003361991,4.4360142e-05,0.003583032,0.0046328823,0.7335711,0.9620248,0.08392687,0.007918723,0.00010930716,0.011355291
179,11,3,L11H3,0.029904729,0.016024265,0.001138174,0.08306128,0.1527162,0.90602684,0.7024138,0.04818341,0.015632082,0.0013352033,0.10723922
180,11,4,L11H4,0.049593993,0.023884408,0.0029191482,0.11991414,0.0071702884,0.8404009,0.5564966,0.056216642,0.023301126,0.0028378756,0.123627864
181,11,5,L11H5,0.028863534,0.013131165,0.00015252543,0.011962405,0.004188106,0.2841908,0.61098766,0.046198472,0.012482675,0.00018420364,0.016630175
182,11,6,L11H6,0.060240492,0.00763382,8.458009e-05,0.003883199,0.0013463375,0.7626582,0.9851925,0.08002513,0.017429221,0.000261754,0.014526722
183,11,7,L11H7,0.05797109,0.018816663,0.00030280382,0.016219713,0.0019241004,0.73917556,0.94895077,0.07601768,0.03773909,0.0007829536,0.048036817
184,11,8,L11H8,0.03964988,0.027322419,0.0014879812,0.10141469,0.00833412,0.73237187,0.018334039,0.05658978,0.035926625,0.0020414605,0.15557107
185,11,9,L11H9,0.030375604,0.022918252,6.218597e-05,0.076635346,0.011528324,-0.8902022,-0.8787753,0.04193325,0.02643447,0.00015546157,0.11105651
186,11,10,L11H10,0.024013916,0.027331613,0.0,0.12857081,0.016326219,-0.84876597,-0.9851573,0.033994272,0.027318584,0.000110080204,0.16046734
187,11,11,L11H11,0.024068149,0.02784481,0.0022243597,0.24368426,0.0026205324,-0.048363365,-0.8499903,0.033868063,0.037972163,0.00785728,0.48118418
188,11,12,L11H12,0.054954473,0.005200814,3.3187836e-05,0.006199446,0.003737878,0.01673368,0.9628761,0.080284506,0.009935769,0.00014194779,0.017859187
189,11,13,L11H13,0.0149466945,0.033151884,0.0,0.071989335,0.0011682275,-0.8124887,-0.99782145,0.03099666,0.041342247,0.0,0.101263665
190,11,14,L11H14,0.077436715,0.037411552,0.00094392867,0.06296825,0.076775365,0.958404,0.9924104,0.10680018,0.036389112,0.0012764025,0.077152036
191,11,15,L11H15,0.0069468664,0.029715484,5.344739e-05,0.070454545,0.0026312738,-0.548561,-0.7260066,0.023624646,0.04163844,0.00042594498,0.10296562
192,12,0,L12H0,0.034967583,0.025426595,0.0013346937,0.13537237,0.14952986,0.98250383,0.94881845,0.051255036,0.024428839,0.0018080376,0.18493585
193,12,1,L12H1,0.03267692,0.017349215,0.00400552,0.1961694,0.90652245,0.9974322,0.47303325,0.032766752,0.0045178924,0.0012758655,0.06651946
194,12,2,L12H2,0.03832283,0.012667442,0.00042731373,0.031406112,0.0048748427,0.40265435,0.3027568,0.05908206,0.020206476,0.0007568851,0.058663074
195,12,3,L12H3,0.018981274,0.053984635,0.0,0.36503154,0.13071351,-0.9916917,-0.816898,0.032919448,0.047369525,0.0,0.3081951
196,12,4,L12H4,0.026678266,0.009791149,0.0006859865,0.057116214,0.019037459,0.5151876,-0.22807564,0.039399367,0.012879254,0.0010483515,0.11445564
197,12,5,L12H5,0.039208636,0.025867958,0.00012398777,0.08714381,0.0099372575,-0.7927726,-0.9763941,0.05330065,0.031654336,0.00037539552,0.13301858
198,12,6,L12H6,0.042676713,0.021851534,0.0003178297,0.03381737,0.004699923,0.11584889,0.9169578,0.058803543,0.032968756,0.0006825369,0.07194833
199,12,7,L12H7,0.0686481,0.022845572,0.000353259,0.037552536,0.008852215,0.27837083,0.30218312,0.09575938,0.03215811,0.0009270694,0.066266075
200,12,8,L12H8,0.09267456,0.0019759173,5.3552387e-05,0.0016893066,0.0027839863,0.88884217,0.9829536,0.12146856,0.0047338223,0.00012910791,0.004348818
201,12,9,L12H9,0.014209889,0.022416536,0.0,0.10211755,0.006530501,-0.9188613,-0.9923712,0.024028718,0.027972419,0.0,0.15151519
202,12,10,L12H10,0.051451147,0.012712585,0.00014949554,0.013699838,0.0036309862,0.5144543,-0.78593564,0.06517795,0.017539687,0.00037911203,0.03543507
203,12,11,L12H11,0.024635816,0.019951424,0.001523838,0.2086208,0.0064852578,-0.18922889,-0.69607425,0.03357359,0.026209408,0.0028340963,0.3530817
204,12,12,L12H12,0.042649917,0.03077082,0.00024635918,0.065372676,0.04624125,0.011519584,0.6599544,0.062882245,0.0373511,0.000546328,0.10265425
205,12,13,L12H13,0.041422892,0.022385929,0.005824779,0.54020476,0.34960666,0.98402333,0.034488726,0.07099659,0.012480029,0.0043559875,0.4520382
206,12,14,L12H14,0.050725132,0.01884083,0.00039589597,0.033926092,0.0061230385,0.66257167,0.9738577,0.07566248,0.02558266,0.00060000044,0.05109698
207,12,15,L12H15,0.051020145,0.033152033,0.0007678162,0.06543152,0.0048298216,0.9586829,0.791113,0.07838208,0.049252972,0.0014565594,0.12066946
208,13,0,L13H0,0.025912168,0.03465217,0.008759863,0.24354059,0.008798751,0.8481941,-0.92547834,0.03433928,0.04384187,0.013473121,0.46409747
209,13,1,L13H1,0.027937815,0.018864842,4.206839e-05,0.060535382,0.010762295,-0.34421396,-0.045172602,0.042633463,0.023628619,0.0002045283,0.09948334
210,13,2,L13H2,0.03779295,0.022077175,0.00021146792,0.06447127,0.0051916842,-0.06588303,-0.12998083,0.061646663,0.031296603,0.00058803265,0.11232628
211,13,3,L13H3,0.08095712,0.017998865,0.00025181667,0.017616568,0.002856853,0.9851226,0.97864485,0.13366027,0.03156709,0.0005651521,0.039067283
212,13,4,L13H4,0.027315078,0.018920684,0.0,0.047928113,0.004763423,-0.9500833,-0.3322804,0.04219635,0.028210089,3.1434647e-06,0.09756584
213,13,5,L13H5,0.100208506,0.0014244699,1.4986776e-05,0.0005030992,0.0006377205,0.88095087,0.9728423,0.14233366,0.0032690256,3.9072384e-05,0.0015742645
214,13,6,L13H6,0.034992505,0.019177163,0.00050557574,0.063466825,0.0037690955,-0.17990443,0.19832064,0.05171942,0.026991662,0.0011706469,0.13730119
215,13,7,L13H7,0.07097835,0.012308012,0.0003701993,0.017128076,0.0034294552,0.18676999,0.13630542,0.08601542,0.017990576,0.0008031187,0.033057485
216,13,8,L13H8,0.03978997,0.02099491,0.00044750614,0.051448528,0.006864596,0.93378997,0.98675954,0.06427993,0.031350438,0.00079684216,0.096512154
217,13,9,L13H9,0.022298474,0.036930345,0.0,0.15486906,0.028536424,-0.97229147,-0.9973445,0.035224054,0.03662677,9.791926e-06,0.1763702
218,13,10,L13H10,0.06311911,0.015529873,0.00011446531,0.011991739,0.0033670475,0.36681592,0.9603596,0.08811158,0.039799508,0.00092818675,0.049445517
219,13,11,L13H11,0.055433106,0.026794167,0.0002410269,0.0596053,0.023532674,0.8845504,0.9564056,0.085078284,0.030776344,0.0005397147,0.07967343
220,13,12,L13H12,0.032155667,0.04609964,0.0016697384,0.23689155,0.0043835947,0.9866693,-0.6634367,0.048358075,0.055867195,0.0022600843,0.26362315
221,13,13,L13H13,0.051418323,0.0077378135,0.00021830694,0.014870923,0.0038200817,0.49211645,0.9580177,0.0866781,0.012763715,0.00035008276,0.025446199
222,13,14,L13H14,0.04827313,0.018298859,0.0051267343,0.18497942,0.8178364,0.9982707,-0.2217436,0.04490038,0.0057652555,0.001574978,0.05897255
223,13,15,L13H15,0.04852569,0.03405463,0.0031127047,0.16843504,0.0031731636,0.7974007,0.3924097,0.06650121,0.04657504,0.0056105726,0.3026501
224,14,0,L14H0,0.025811391,0.017862875,1.9561307e-05,0.07908607,0.012128159,-0.48442823,-0.35046032,0.043678533,0.0219962,0.00014693578,0.12965249
225,14,1,L14H1,0.05867826,0.006243364,5.0848786e-05,0.0046068486,0.004778321,0.67389166,0.9599226,0.0903756,0.015190089,0.0001661443,0.01572216
226,14,2,L14H2,0.026522335,0.035064723,0.0076640765,0.6467949,0.17440791,0.6321097,-0.8020523,0.03263804,0.019596757,0.009060013,0.97832876
227,14,3,L14H3,0.05837752,0.005830482,0.00010782396,0.0076999445,0.0033382862,0.69801766,0.97389555,0.09576366,0.012279527,0.00030672242,0.021401174
228,14,4,L14H4,0.065129705,0.0024730503,3.5076453e-06,0.0005351008,0.004724735,0.45840052,0.9877543,0.117060766,0.0049484367,3.3420903e-05,0.0043657506
229,14,5,L14H5,0.03458757,0.01961458,0.0025509882,0.17416926,0.009600593,0.70571685,-0.62435704,0.051252544,0.025469426,0.003385424,0.25507063
230,14,6,L14H6,-0.0004984388,0.03223554,0.0,0.12777355,0.0032868744,-0.95471483,-0.96248186,0.0110176755,0.0419121,3.6368932e-05,0.16557565
231,14,7,L14H7,0.04104971,0.040838532,0.00032696666,0.08902358,0.012970347,0.77700675,0.19758779,0.07163428,0.05493463,0.00067967514,0.14157161
232,14,8,L14H8,0.047778822,0.009141858,0.00012396951,0.017495908,0.004575611,0.97212076,0.9933754,0.08154805,0.013973275,0.00027650443,0.034427736
233,14,9,L14H9,0.032797597,0.013573591,0.00085643417,0.11288853,0.38927326,0.98876625,0.9750686,0.0494222,0.012494503,0.0010945466,0.122643076
234,14,10,L14H10,0.09701793,0.019584745,0.00133558,0.062493663,0.009521912,0.9630242,0.80488735,0.15477964,0.023754425,0.0019689323,0.07889432
235,14,11,L14H11,0.03132307,0.042830203,0.0014559241,0.22844131,0.19562423,0.9235483,-0.11981489,0.042550478,0.036278807,0.0015246393,0.23341875
236,14,12,L14H12,0.08537977,0.004805645,2.2209868e-05,0.004437309,0.004449154,0.020546323,0.947566,0.15111533,0.012756954,0.00012976403,0.01932488
237,14,13,L14H13,0.08142629,0.02962307,0.0004869946,0.047145486,0.012967759,0.9510652,0.9881928,0.12688492,0.039422672,0.0010580628,0.08116883
238,14,14,L14H14,0.023978801,0.015774105,0.0010013534,0.075882055,0.0052019865,0.95993906,-0.8961344,0.034401868,0.018093286,0.0011178894,0.08930061
239,14,15,L14H15,0.044751756,0.026714385,0.0010193267,0.094453186,0.0063618287,0.68996096,0.38511124,0.059592992,0.031136636,0.001289474,0.14327703
240,15,0,L15H0,0.037574578,0.017072504,0.00027640117,0.046466902,0.008032241,0.8395731,0.40244934,0.0721032,0.022207793,0.0005258601,0.076828934
241,15,1,L15H1,0.015274015,0.03135572,0.0,0.12475802,0.00859731,-0.99191904,-0.97816044,0.030912353,0.038325015,0.0,0.17770807
242,15,2,L15H2,0.069463655,0.013855434,0.0010905085,0.041413244,0.0073908907,0.3408753,0.8906241,0.1001053,0.021717176,0.0019076199,0.061895438
243,15,3,L15H3,0.08506563,0.01620496,0.00066670624,0.028859582,0.008192119,0.972348,0.94662267,0.15070531,0.018099641,0.0011090996,0.05685304
244,15,4,L15H4,0.05734465,0.025499359,0.00020566091,0.07816394,0.05046962,-0.602941,-0.111070454,0.08603796,0.032810334,0.0006473354,0.118382566
245,15,5,L15H5,0.08810684,0.033251576,0.0009107634,0.07705318,0.006204703,0.9473705,0.6629137,0.1444546,0.04671516,0.0015490954,0.1286041
246,15,6,L15H6,0.076779395,0.029479781,0.0027080388,0.08179458,0.0031765301,0.54850405,0.06807564,0.09857556,0.043020774,0.0042042783,0.122659825
247,15,7,L15H7,0.042539198,0.028871076,0.0015394879,0.22657172,0.57371926,0.98863083,0.9701342,0.07443337,0.019105641,0.0018587648,0.24307814
248,15,8,L15H8,0.05774489,0.02429613,4.7337608e-06,0.048938006,0.004896729,-0.98818624,0.6964957,0.07799811,0.03814959,0.00011043064,0.088333026
249,15,9,L15H9,0.07166592,0.02002912,0.0010406366,0.0719199,0.0049641533,0.9093669,0.8164329,0.11762236,0.027246956,0.0015371814,0.105400816
250,15,10,L15H10,0.12694888,0.0025594307,2.873363e-05,0.0016405847,0.0042588054,0.35623446,0.99257946,0.22963843,0.006420019,0.00017231528,0.0066685462
251,15,11,L15H11,0.035437588,0.021281091,0.0002412629,0.09436534,0.009009115,-0.98502946,-0.9929269,0.047959648,0.025708314,0.00077372044,0.14624204
252,15,12,L15H12,0.093865536,0.04329196,0.01854032,0.32876915,0.13820261,0.9911219,-0.52259886,0.09985858,0.029928487,0.015189703,0.28716063
253,15,13,L15H13,0.1376587,0.014574538,0.00056175684,0.016634269,0.0018307745,0.83363956,0.9709338,0.19037566,0.02914923,0.0011735964,0.035848264
254,15,14,L15H14,0.04210751,0.062290117,0.0036837708,0.3480948,0.08189721,0.99787694,-0.70923096,0.05920727,0.058687814,0.0043764296,0.40510073
255,15,15,L15H15,0.10246456,0.0023480693,6.451831e-05,0.002164071,0.004533085,0.8467448,0.99426085,0.16862372,0.0055578835,0.00016622402,0.005504473
256,16,0,L16H0,0.034436695,0.024378918,1.5751907e-07,0.051192824,0.0045771482,-0.6652054,-0.18757503,0.061109528,0.05064238,0.00016820592,0.22507663
257,16,1,L16H1,0.01541268,0.006163639,0.0,0.026324801,0.0065865964,-0.6951419,-0.924131,0.027746348,0.008604018,2.2455455e-05,0.045416526
258,16,2,L16H2,0.032318044,0.0062752133,0.0004808768,0.042751983,0.017463252,0.9861627,0.9558983,0.07504736,0.0063729854,0.00049380085,0.05900315
259,16,3,L16H3,0.03643454,0.011401166,0.00039818845,0.02404894,0.006653393,-0.5362107,-0.7554757,0.05316063,0.022623193,0.0013267417,0.050744947
260,16,4,L16H4,0.08828838,0.0051211226,0.00017943638,0.008122216,0.004590937,0.6395921,0.99218667,0.13929394,0.011689229,0.00052998925,0.022280477
261,16,5,L16H5,0.11003773,0.0036925408,4.0266146e-05,0.002699998,0.004824627,0.4788892,0.99561626,0.16250327,0.009496765,0.00013171989,0.007906366
262,16,6,L16H6,0.0994132,0.013690835,0.0013292627,0.030218462,0.0023689559,0.9372239,0.97435045,0.14641976,0.020909218,0.002257151,0.04821986
263,16,7,L16H7,0.124782294,0.0044339513,0.0001381286,0.00396344,0.0033914582,0.81073135,0.9948436,0.1803028,0.00910381,0.00031485394,0.008505116
264,16,8,L16H8,0.02921799,0.019660208,3.4972103e-07,0.09419853,0.013929683,-0.7570206,-0.76017106,0.04819287,0.024460591,6.812232e-05,0.13702737
265,16,9,L16H9,0.012029791,0.019052627,0.00033450418,0.12984939,0.0054783043,-0.8456654,-0.93509,0.022638187,0.02708555,0.0026361733,0.26537707
266,16,10,L16H10,0.07447691,0.018059189,0.00025436658,0.038330194,0.005021007,0.96595883,0.9926026,0.13161722,0.028385801,0.0006602822,0.072528094
267,16,11,L16H11,0.034237638,0.015017433,0.0042829327,0.26173392,0.0030856517,0.08146965,-0.8450696,0.04474903,0.023408957,0.008501802,0.5250829
268,16,12,L16H12,0.05060644,0.026004085,0.00054003944,0.13544483,0.5394409,0.9812117,0.758822,0.08640303,0.023528397,0.0009507823,0.16599728
269,16,13,L16H13,0.036684155,0.021652164,0.0014624002,0.10378572,0.14210807,0.98057413,0.74235696,0.053297553,0.024468096,0.0019855094,0.13903782
270,16,14,L16H14,0.038976777,0.0453082,0.0026477308,0.24807163,0.010609636,0.43372476,-0.32666844,0.061891753,0.0616659,0.008876602,0.5582254
271,16,15,L16H15,0.039196998,0.039055225,0.0018286373,0.31793138,0.43776423,0.99876595,-0.67548585,0.05381158,0.023151774,0.002148512,0.2865079
272,17,0,L17H0,0.011646211,0.019535039,0.0,0.1298496,0.006816314,-0.9149116,-0.99002594,0.020881582,0.023045907,0.0,0.18294936
273,17,1,L17H1,0.032705817,0.018227404,0.0012499992,0.10019424,0.1649903,0.97301644,0.576581,0.052280925,0.013135282,0.00095558853,0.08788893
274,17,2,L17H2,0.04687813,0.025401158,0.0056376904,0.25397846,0.16666058,0.99481976,-0.7058235,0.062417064,0.016168227,0.004605945,0.22030301
275,17,3,L17H3,0.03469429,0.012927281,0.0002219972,0.08064742,0.005487816,-0.38383093,-0.92671615,0.05574908,0.016234515,0.00042092733,0.1324549
276,17,4,L17H4,0.03667555,0.025312789,0.00043177945,0.1289235,0.0066004638,0.9710346,-0.8876275,0.06458818,0.03036491,0.0015384227,0.15706922
277,17,5,L17H5,0.048252672,0.007654568,0.00043767696,0.02578776,0.0046136356,0.19496424,0.8004734,0.09414485,0.025098953,0.0033599623,0.11668799
278,17,6,L17H6,0.023443555,0.021125011,0.0,0.07945934,0.006327929,-0.98241544,-0.99751776,0.038337465,0.026723333,1.8079285e-05,0.11360611
279,17,7,L17H7,0.044508815,0.020942146,0.005156028,0.2938999,0.099121734,0.9497963,-0.025181329,0.0631058,0.024065312,0.0075305076,0.44250587
280,17,8,L17H8,0.042133436,0.0119674355,0.0003095602,0.04919152,0.011624465,0.4933077,0.07112337,0.072529554,0.015977878,0.00041158474,0.06879539
281,17,9,L17H9,0.023111347,0.019315805,0.0007037885,0.062291067,0.008098989,-0.7324711,-0.95521843,0.031355806,0.026776327,0.0015967672,0.10167828
282,17,10,L17H10,0.08532377,0.016815519,0.0005339014,0.026630173,0.0040580574,0.59309256,0.8147107,0.13845862,0.028689627,0.001003079,0.047044955
283,17,11,L17H11,0.24189769,0.007136232,0.0005590482,0.008694001,0.0035700053,0.8888164,0.9972262,0.31890514,0.017276624,0.0015658799,0.022308033
284,17,12,L17H12,0.08342588,0.07493955,0.00021426874,0.15103814,0.32420123,-0.9907979,0.55617565,0.1022733,0.06380886,0.0006158587,0.18468557
285,17,13,L17H13,0.08852061,0.003804784,2.8459988e-05,0.002517238,0.0046040523,0.4718096,0.9972627,0.13714068,0.008446221,0.0001001289,0.0070749265
286,17,14,L17H14,0.063647605,0.019579295,0.0004462611,0.11047725,0.20235574,0.99360466,0.96150744,0.12376707,0.01755761,0.0008997168,0.12010247
287,17,15,L17H15,0.11403694,0.02565553,0.000471029,0.053912535,0.0042110975,0.98747927,0.9939091,0.20447023,0.039175104,0.0011015541,0.091679245
288,18,0,L18H0,0.05079065,0.012969933,0.00028760853,0.055775695,0.32733017,0.99129784,0.9560795,0.091193594,0.014868958,0.00068142987,0.07353426
289,18,1,L18H1,0.052399818,0.009700885,0.00019508188,0.03142658,0.11815012,0.9309849,0.97498673,0.09280579,0.012718853,0.0005023311,0.052868433
290,18,2,L18H2,0.05801719,0.011509475,0.00023227306,0.01836977,0.0046985997,0.10549152,0.82341313,0.09814395,0.023002995,0.00086797785,0.062352855
291,18,3,L18H3,0.22521101,0.0015046184,4.4197244e-05,0.00071167893,0.00051113946,0.7185975,0.9901039,0.31134772,0.002813319,9.5648546e-05,0.0015653078
292,18,4,L18H4,0.030743001,0.025907995,0.016260533,0.33549497,0.0074266135,-0.34903058,-0.94005466,0.042481516,0.035649665,0.031153945,0.5756402
293,18,5,L18H5,0.031343464,0.024837667,0.001401615,0.23628372,0.93104166,0.9976494,-0.32322133,0.039341863,0.013713975,0.0013905169,0.15619068
294,18,6,L18H6,0.17646326,0.003481739,0.00012448127,0.0031511972,0.0044532446,0.09568037,0.9902222,0.3415081,0.008952039,0.0007623625,0.0100730825
295,18,7,L18H7,0.044327535,0.0115145715,0.00012122086,0.019684225,0.18295144,0.9403936,0.9399866,0.07624208,0.01434684,0.0003372666,0.04594113
296,18,8,L18H8,0.04403426,0.010676899,0.0005031267,0.07591975,0.030134,0.9633361,-0.08765242,0.07018954,0.014479527,0.0011372834,0.11441784
297,18,9,L18H9,0.037866753,0.054931767,0.000109639885,0.22503842,0.3661388,-0.7192266,-0.15226789,0.05093074,0.044809915,0.00026428714,0.21252659
298,18,10,L18H10,0.01681671,0.015055924,0.0,0.1484782,0.0055145356,-0.9544255,-0.98609567,0.029872203,0.019193413,0.0,0.22253482
299,18,11,L18H11,0.011942588,0.016768042,0.0,0.11783707,0.0072719445,-0.83740056,-0.97692776,0.019175902,0.018704586,0.0,0.17163965
300,18,12,L18H12,0.025802087,0.030294875,0.0016138781,0.14192519,0.18736503,0.9689251,-0.4258762,0.03545868,0.020035153,0.0022669479,0.19598901
301,18,13,L18H13,0.022655815,0.016811848,0.00040688028,0.0774428,0.20401,0.8714627,-0.049935516,0.033599302,0.015279344,0.000509653,0.09796306
302,18,14,L18H14,0.02835339,0.005356903,5.4809057e-05,0.014756486,0.014970405,0.8649357,0.8246714,0.051886395,0.0070018657,0.00012559004,0.028500477
303,18,15,L18H15,0.124620706,0.035435062,0.0012993257,0.029940313,0.0028381208,0.49719214,0.96249694,0.15969332,0.0784673,0.0031334306,0.060669348
304,19,0,L19H0,0.09629621,0.010415961,0.00014949121,0.03766781,0.0077019203,0.99651086,0.9772002,0.20075378,0.014413846,0.000525965,0.06732597
305,19,1,L19H1,0.023597682,0.015015016,6.8156214e-07,0.111308284,0.006159458,-0.99854606,0.044672634,0.03763967,0.01718323,3.2027725e-05,0.15966092
306,19,2,L19H2,0.04593033,0.015894314,0.00028520974,0.049097344,0.1644306,-0.4270245,0.14764413,0.07201429,0.020296654,0.001697595,0.14314471
307,19,3,L19H3,0.04964585,0.019393558,0.0059735742,0.23053522,0.004957431,-0.7074568,-0.7762103,0.07952902,0.031154085,0.014952567,0.55607665
308,19,4,L19H4,0.07099565,0.04847416,0.004432487,0.12232293,0.1115801,0.8604254,-0.07546159,0.092518374,0.06866081,0.009645418,0.2124263
309,19,5,L19H5,0.051085055,0.009874348,0.00032233098,0.042237356,0.1224829,0.89867795,0.9688465,0.09093067,0.012608469,0.0005124262,0.06001594
310,19,6,L19H6,0.14841639,0.0076766466,0.0005600934,0.023691712,0.028974712,0.9770121,0.99882007,0.25858754,0.010874075,0.00095261907,0.03309122
311,19,7,L19H7,0.024538735,0.02411243,0.00019300349,0.10466867,0.16576797,0.79527307,-0.0783827,0.03470348,0.024495691,0.00045226974,0.12996438
312,19,8,L19H8,0.04414791,0.023224663,0.0024962865,0.10550804,0.1025995,0.95642674,-0.25016204,0.054989208,0.021845305,0.004009777,0.11499723
313,19,9,L19H9,0.06602941,0.01422076,0.00037326774,0.04289776,0.008620773,0.4042917,0.6933205,0.12206724,0.02178222,0.0014793631,0.071417294
314,19,10,L19H10,0.05212961,0.01705351,0.00036717058,0.022164313,0.22813305,0.9862677,0.9028402,0.09931348,0.016900728,0.0009844922,0.0529544
315,19,11,L19H11,0.043496132,0.017930828,6.3137646e-05,0.07188617,0.008213028,-0.31133068,0.45095327,0.07495925,0.023586608,0.00031794357,0.12691332
316,19,12,L19H12,0.0353912,0.015555442,0.00038250932,0.02055008,0.045856446,0.8566653,0.21161282,0.051469434,0.016636366,0.0006594948,0.041308086
317,19,13,L19H13,0.017822573,0.01147083,8.0538695e-05,0.061094314,0.05067846,0.95488036,-0.41055366,0.035172563,0.011878941,0.00031915784,0.07123655
318,19,14,L19H14,0.06464079,0.005032152,0.0002564323,0.01245924,0.015380316,0.55160475,0.9842479,0.20059636,0.0073362705,0.00047617964,0.018339606
319,19,15,L19H15,0.04815483,0.019218614,0.00032111598,0.035573117,0.7053316,0.9979518,0.8390501,0.0779063,0.012723087,0.00047982275,0.058378622
320,20,0,L20H0,0.026628725,0.00988523,1.0853236e-05,0.09097191,0.108748466,0.95060194,0.15963987,0.042067833,0.009066499,9.938976e-05,0.11072834
321,20,1,L20H1,0.117291786,0.040693127,0.0026992732,0.06582862,0.0018887195,0.2728147,0.6297432,0.1569216,0.078019544,0.007950706,0.18220235
322,20,2,L20H2,0.2633948,0.004020908,0.00010440502,0.0021507642,0.0022459894,0.09746204,0.9989421,0.42274004,0.006711746,0.0002511988,0.0041218246
323,20,3,L20H3,0.06853616,0.015822615,0.001479547,0.06647971,0.016316595,0.307792,0.12230936,0.094763294,0.020944364,0.0026621125,0.13704559
324,20,4,L20H4,0.022612788,0.009660755,0.0,0.090044565,0.04472298,0.7664579,-0.23212315,0.03916636,0.012215143,0.0,0.13801295
325,20,5,L20H5,0.04134524,0.020006018,3.677689e-05,0.08772458,0.022992464,0.59532714,0.78081405,0.07329456,0.06010692,0.000260666,0.22349413
326,20,6,L20H6,0.032999594,0.01058452,0.0008169494,0.049025264,0.036376644,0.9805427,0.8192399,0.065884955,0.018817782,0.0032608341,0.11917624
327,20,7,L20H7,0.033091716,0.020642307,0.0005252848,0.12502451,0.6207597,0.98918986,0.1678079,0.047326453,0.018847955,0.00077326794,0.118490875
328,20,8,L20H8,0.057486836,0.025895352,0.0035201863,0.115806624,0.13315812,0.958141,0.2600872,0.07229859,0.022687504,0.003412322,0.10555946
329,20,9,L20H9,0.093286835,0.012830399,0.0019269416,0.04258787,0.030560104,-0.060921058,0.03455003,0.124650925,0.01739316,0.0037736858,0.058947
330,20,10,L20H10,0.029646425,0.011116014,0.00010259787,0.039978415,0.16303585,0.9710929,0.8232895,0.05351112,0.011843242,0.0002951327,0.052015927
331,20,11,L20H11,0.052654825,0.016777772,0.0006266591,0.047068518,0.07764088,0.9588282,0.91704273,0.085551664,0.021373568,0.0012059725,0.08516264
332,20,12,L20H12,0.06351953,0.015551114,0.0004730551,0.032260202,0.81311655,0.99494797,0.77201504,0.089370295,0.013884443,0.00073933566,0.03171525
333,20,13,L20H13,0.0438701,0.02131485,0.00071030523,0.024027305,0.12967819,0.98778707,0.3782952,0.06708545,0.021995591,0.0007928957,0.049400236
334,20,14,L20H14,0.01858392,0.012851146,2.175009e-06,0.11380324,0.010035181,-0.98946124,-0.95363295,0.028619312,0.014827054,6.382544e-05,0.172822
335,20,15,L20H15,0.07228205,0.028523559,0.0035466305,0.08110349,0.018684603,0.72834074,0.55933607,0.09931072,0.0690697,0.010561813,0.18220945
336,21,0,L21H0,0.06136681,0.011447854,0.00070783024,0.0470277,0.099500656,0.98235583,0.98299897,0.08492663,0.014912711,0.0011818021,0.06364259
337,21,1,L21H1,0.30487788,0.020531192,0.0008310955,0.0066487463,0.0027217835,-0.1389586,0.9989271,0.38439122,0.030806445,0.0014417337,0.010088947
338,21,2,L21H2,0.028294666,0.009769489,7.663219e-05,0.014555706,0.04823468,0.55170876,0.84340405,0.043354694,0.011936305,0.00017318563,0.032109465
339,21,3,L21H3,0.006377778,0.009610015,0.0,0.026003815,0.0050345883,-0.9017664,-0.9100716,0.019859528,0.014435569,0.0,0.0414281
340,21,4,L21H4,0.047378503,0.014046754,0.00020441729,0.040282268,0.011276795,-0.14235947,0.80309117,0.07499693,0.017610148,0.00045357505,0.06346296
341,21,5,L21H5,0.02531401,0.014527993,0.00016157402,0.06427199,0.018996304,-0.70866007,-0.36715436,0.03569275,0.020628594,0.0003145921,0.11481515
342,21,6,L21H6,0.18478228,0.005545594,0.00042127483,0.0078388825,0.0012355328,0.55764294,0.9990236,0.32026708,0.010627804,0.00087617984,0.014648189
343,21,7,L21H7,0.10550431,0.019566296,0.00042794857,0.018774442,0.0047136764,-0.83698195,0.99969953,0.13609046,0.03037583,0.0015890417,0.064534456
344,21,8,L21H8,0.031150239,0.010572656,8.3349885e-05,0.03455122,0.0051545524,-0.66734624,0.18214236,0.054085635,0.014653476,0.00030224447,0.082955875
345,21,9,L21H9,0.023786467,0.015509918,0.00022631972,0.033172544,0.07449881,0.953982,0.30074653,0.035523675,0.017292328,0.00057772757,0.056801345
346,21,10,L21H10,0.020538317,0.012834071,1.9498127e-06,0.0319626,0.13539818,0.95221037,0.5082128,0.034379177,0.013652929,2.3494653e-05,0.05104909
347,21,11,L21H11,0.08254546,0.025550714,0.0021287682,0.08884769,0.016175164,-0.0932225,0.2767833,0.116038784,0.031413965,0.0039006236,0.11779544
348,21,12,L21H12,0.051129732,0.009494454,0.00048584954,0.05684693,0.0105263265,0.9933052,0.969534,0.099476226,0.015051415,0.0024707895,0.1263442
349,21,13,L21H13,0.053069595,0.013997955,0.0012144806,0.027286852,0.3455595,0.9927104,0.35250807,0.06380576,0.0111690685,0.0010068903,0.025728429
350,21,14,L21H14,0.1580291,0.012683452,0.0005877802,0.027433895,0.0031351424,0.49078706,0.9985271,0.30505294,0.019606527,0.0013622346,0.05380187
351,21,15,L21H15,0.058072656,0.016385902,0.00047900958,0.028072024,0.12549216,0.99854827,-0.33252987,0.07909253,0.0134643465,0.000875043,0.043342028
352,22,0,L22H0,0.03446997,0.013865331,0.0,0.061467193,0.011431368,-0.9763778,-0.46095482,0.066953234,0.019227186,3.2372314e-05,0.10473259
353,22,1,L22H1,0.08341504,0.011904834,0.00070642115,0.012223894,0.07779412,0.97956073,0.86129993,0.09858407,0.013733361,0.001026759,0.018202309
354,22,2,L22H2,0.03496134,0.025474014,0.0,0.03029113,0.0025446636,-0.7989962,-0.0074716513,0.056057185,0.07402496,0.0018684496,0.054553058
355,22,3,L22H3,0.066114835,0.009348187,0.0002689845,0.0074910363,0.06747282,0.9927457,0.95715123,0.09602678,0.012725153,0.00054266036,0.015400753
356,22,4,L22H4,0.07175047,0.010359623,0.00055380486,0.0109805595,0.09324107,0.9821343,0.87573874,0.08686651,0.013649924,0.0008366312,0.015906228
357,22,5,L22H5,0.06489201,0.017222315,0.0006556706,0.053338293,0.007349798,0.9981539,0.8248431,0.09921331,0.024352714,0.0012734423,0.12881309
358,22,6,L22H6,0.0884469,0.02923731,0.0029872807,0.05156841,0.035456117,0.9699187,0.8690559,0.111442976,0.043479927,0.0075874776,0.11950896
359,22,7,L22H7,0.105839275,0.019111782,0.0016269987,0.043850884,0.020474091,-0.7854106,0.9924874,0.13681613,0.030607495,0.0032760259,0.08293852
360,22,8,L22H8,0.28649667,0.026571266,0.009201942,0.05385753,0.039704252,0.983625,0.7470538,0.32494983,0.033611566,0.014351524,0.0680271
361,22,9,L22H9,0.113757394,0.021002384,0.002603704,0.049761347,0.030379154,0.61389345,0.9859949,0.14550656,0.030816343,0.0050744927,0.08604012
362,22,10,L22H10,0.055576656,0.01510299,0.0003443344,0.030414926,0.044559516,0.9723588,0.98495984,0.0866899,0.022761604,0.0006922642,0.06076479
363,22,11,L22H11,0.17490473,0.022191787,0.003194254,0.048211887,0.0041726944,-0.4707374,0.99325436,0.2136276,0.03415882,0.005369513,0.07376827
364,22,12,L22H12,0.041825756,0.009899341,0.0001021824,0.014639546,0.07250546,0.9902252,0.92989963,0.07021715,0.014060941,0.00029299574,0.037760627
365,22,13,L22H13,0.05491631,0.027303884,0.0014908572,0.05548896,0.012468863,0.3232801,0.8271281,0.07748768,0.04243002,0.004368157,0.14794323
366,22,14,L22H14,0.09617397,0.04089861,5.7419722e-05,0.054089513,0.44984576,-0.9985656,0.9726171,0.12941101,0.051610164,0.00033920194,0.16209248
367,22,15,L22H15,0.1037758,0.018103136,0.00224993,0.025816288,0.16031782,0.9874188,0.84677875,0.11920808,0.017794985,0.0024752198,0.030165782
368,23,0,L23H0,0.13884625,0.017307026,0.0045773378,0.043967776,0.00796874,0.99721247,0.7972585,0.16630559,0.019522805,0.0059517147,0.05196054
369,23,1,L23H1,0.09151349,0.025710383,0.0012202257,0.02187742,0.0054095816,0.05807534,0.83337444,0.11160173,0.033759296,0.002004763,0.035262715
370,23,2,L23H2,0.07329783,0.047259603,0.00010352094,0.044904146,0.0019417407,-0.5271644,0.91133535,0.100663744,0.08719142,0.0010424377,0.104317784
371,23,3,L23H3,-0.076437585,0.028483966,0.0,0.08465974,0.15554401,-0.99834245,0.5708297,0.008495331,0.032964215,0.0,0.09826193
372,23,4,L23H4,0.19418411,0.025889719,0.0021486212,0.045977343,0.0028734142,0.7899177,0.9717893,0.23600546,0.041957237,0.0041452753,0.08760914
373,23,5,L23H5,1.102325,0.062254317,0.05576442,0.06324411,0.0009340162,-0.4877075,0.4369767,1.2272234,0.09703004,0.13842689,0.12794217
374,23,6,L23H6,1.2134588,0.052415308,0.04521212,0.053633578,0.040881775,0.95614266,0.760845,1.3359845,0.06706435,0.06702312,0.06969626
375,23,7,L23H7,0.07024549,0.015167924,0.00015225813,0.006085235,0.014586869,0.77060384,0.93528473,0.0855954,0.023916716,0.0004842191,0.020472448
376,23,8,L23H8,0.24897903,0.031097554,0.003926969,0.025793914,0.007074793,-0.4470859,0.99795467,0.26707917,0.04548631,0.0065547894,0.043604534
377,23,9,L23H9,0.087166645,0.017234104,0.0013496641,0.022023372,0.052451726,0.987664,0.7704028,0.10381484,0.018237213,0.0014683953,0.023340436
378,23,10,L23H10,0.05902187,0.01935239,0.0009947291,0.04244981,0.0061719734,0.94746095,0.96704936,0.07727797,0.023682589,0.001507297,0.07170876
379,23,11,L23H11,0.139795,0.022725597,0.0007959884,0.014944041,0.0030397247,0.42297998,0.9991767,0.19620806,0.034251913,0.0017656661,0.032115877
380,23,12,L23H12,0.124836795,0.021972345,0.0029613855,0.032020137,0.023373952,0.9793774,0.96801805,0.14293516,0.025469903,0.003617599,0.037722502
381,23,13,L23H13,0.18569648,0.023271192,0.0027519958,0.025583867,0.0053997235,-0.46562707,0.999417,0.21966188,0.03484471,0.0045633456,0.042235218
382,23,14,L23H14,0.08564175,0.023751559,0.0029936486,0.05531488,0.013728406,0.9892193,0.96402466,0.113888405,0.030126989,0.004674812,0.081494674
383,23,15,L23H15,0.40815583,0.026730584,0.013408612,0.05131761,0.0047367723,-0.607206,0.28824145,0.4772315,0.03581459,0.025625445,0.08052562
